{
  "saved_time": "20260307-161050",
  "run_dir": "D:\\Materials\\Master\\Dissertation\\Final\\Code\\MIGO\\FilterDesign-MIGO\\ber_coeff_workspace\\result\\method-swls-n-161-q-bit-8-wp-pi-0-047-width-pi-0-031-lambda-0-01-eps-0-001",
  "cfg": {
    "N": 161,
    "mode": "lowpass",
    "wp_pi": 0.046875,
    "width_pi": 0.03125,
    "omega_1": 0.14726215563702155,
    "omega_2": 0.2454369260617026,
    "K": 256,
    "debug": true,
    "Q_bit": 8,
    "Delta": 0.00390625,
    "K_q": 127,
    "method": "SWLS",
    "keys": "method N Q_bit wp_pi width_pi LAMBDA EPS",
    "LAMBDA": 0.01,
    "ADMM_DELTA": 1.0,
    "T_OUTER": 10,
    "K_INNER": 150,
    "EPS_OUT": 1e-6,
    "EPS_IN": 1e-6,
    "W_STOP": 1.0,
    "EPS": 0.001
  },
  "solved_var": {
    "h": [
      0.0,
      0.0,
      0.0,
      0.0,
      0.0,
      0.0,
      0.0,
      0.0,
      0.0,
      0.0,
      0.0,
      0.0,
      0.0,
      0.0,
      0.0,
      0.0,
      0.0,
      0.0,
      0.0,
      0.0,
      0.0,
      0.0,
      0.0,
      0.0,
      0.0,
      0.0,
      0.0,
      0.0,
      0.0,
      0.0,
      0.0,
      0.0,
      0.0,
      0.0,
      0.0,
      0.0,
      0.0,
      0.0,
      0.0,
      0.0,
      0.0,
      0.0,
      0.0,
      0.0,
      0.0,
      0.0,
      0.0,
      0.0,
      0.0,
      0.0,
      0.0,
      0.0,
      0.0,
      0.0,
      0.0,
      0.0,
      0.0,
      0.0,
      0.0,
      0.0,
      0.0,
      0.0,
      0.0,
      0.0,
      0.0,
      0.0,
      0.0,
      0.013050316091683683,
      0.017687518309421824,
      0.02248926318782506,
      0.027513471327539923,
      0.032485023886533834,
      0.037445616350622456,
      0.042111358861497875,
      0.046523162538920325,
      0.05040456318269308,
      0.053812007692269515,
      0.05649225441181585,
      0.05853192661435684,
      0.059713897750208376,
      0.06016558749628626,
      0.059713897750208376,
      0.05853192661435684,
      0.05649225441181585,
      0.053812007692269515,
      0.05040456318269308,
      0.046523162538920325,
      0.042111358861497875,
      0.037445616350622456,
      0.032485023886533834,
      0.027513471327539923,
      0.02248926318782506,
      0.017687518309421824,
      0.013050316091683683,
      0.0,
      0.0,
      0.0,
      0.0,
      0.0,
      0.0,
      0.0,
      0.0,
      0.0,
      0.0,
      0.0,
      0.0,
      0.0,
      0.0,
      0.0,
      0.0,
      0.0,
      0.0,
      0.0,
      0.0,
      0.0,
      0.0,
      0.0,
      0.0,
      0.0,
      0.0,
      0.0,
      0.0,
      0.0,
      0.0,
      0.0,
      0.0,
      0.0,
      0.0,
      0.0,
      0.0,
      0.0,
      0.0,
      0.0,
      0.0,
      0.0,
      0.0,
      0.0,
      0.0,
      0.0,
      0.0,
      0.0,
      0.0,
      0.0,
      0.0,
      0.0,
      0.0,
      0.0,
      0.0,
      0.0,
      0.0,
      0.0,
      0.0,
      0.0,
      0.0,
      0.0,
      0.0,
      0.0,
      0.0,
      0.0,
      0.0,
      0.0
    ],
    "hq": [
      0.0,
      0.0,
      0.0,
      0.0,
      0.0,
      0.0,
      0.0,
      0.0,
      0.0,
      0.0,
      0.0,
      0.0,
      0.0,
      0.0,
      0.0,
      0.0,
      0.0,
      0.0,
      0.0,
      0.0,
      0.0,
      0.0,
      0.0,
      0.0,
      0.0,
      0.0,
      0.0,
      0.0,
      0.0,
      0.0,
      0.0,
      0.0,
      0.0,
      0.0,
      0.0,
      0.0,
      0.0,
      0.0,
      0.0,
      0.0,
      0.0,
      0.0,
      0.0,
      0.0,
      0.0,
      0.0,
      0.0,
      0.0,
      0.0,
      0.0,
      0.0,
      0.0,
      0.0,
      0.0,
      0.0,
      0.0,
      0.0,
      0.0,
      0.0,
      0.0,
      0.0,
      0.0,
      0.0,
      0.0,
      0.0,
      0.0,
      0.0,
      0.01171875,
      0.01953125,
      0.0234375,
      0.02734375,
      0.03125,
      0.0390625,
      0.04296875,
      0.046875,
      0.05078125,
      0.0546875,
      0.0546875,
      0.05859375,
      0.05859375,
      0.05859375,
      0.05859375,
      0.05859375,
      0.0546875,
      0.0546875,
      0.05078125,
      0.046875,
      0.04296875,
      0.0390625,
      0.03125,
      0.02734375,
      0.0234375,
      0.01953125,
      0.01171875,
      0.0,
      0.0,
      0.0,
      0.0,
      0.0,
      0.0,
      0.0,
      0.0,
      0.0,
      0.0,
      0.0,
      0.0,
      0.0,
      0.0,
      0.0,
      0.0,
      0.0,
      0.0,
      0.0,
      0.0,
      0.0,
      0.0,
      0.0,
      0.0,
      0.0,
      0.0,
      0.0,
      0.0,
      0.0,
      0.0,
      0.0,
      0.0,
      0.0,
      0.0,
      0.0,
      0.0,
      0.0,
      0.0,
      0.0,
      0.0,
      0.0,
      0.0,
      0.0,
      0.0,
      0.0,
      0.0,
      0.0,
      0.0,
      0.0,
      0.0,
      0.0,
      0.0,
      0.0,
      0.0,
      0.0,
      0.0,
      0.0,
      0.0,
      0.0,
      0.0,
      0.0,
      0.0,
      0.0,
      0.0,
      0.0,
      0.0,
      0.0
    ],
    "h_length": 161,
    "h_int": [
      0,
      0,
      0,
      0,
      0,
      0,
      0,
      0,
      0,
      0,
      0,
      0,
      0,
      0,
      0,
      0,
      0,
      0,
      0,
      0,
      0,
      0,
      0,
      0,
      0,
      0,
      0,
      0,
      0,
      0,
      0,
      0,
      0,
      0,
      0,
      0,
      0,
      0,
      0,
      0,
      0,
      0,
      0,
      0,
      0,
      0,
      0,
      0,
      0,
      0,
      0,
      0,
      0,
      0,
      0,
      0,
      0,
      0,
      0,
      0,
      0,
      0,
      0,
      0,
      0,
      0,
      0,
      3,
      5,
      6,
      7,
      8,
      10,
      11,
      12,
      13,
      14,
      14,
      15,
      15,
      15,
      15,
      15,
      14,
      14,
      13,
      12,
      11,
      10,
      8,
      7,
      6,
      5,
      3,
      0,
      0,
      0,
      0,
      0,
      0,
      0,
      0,
      0,
      0,
      0,
      0,
      0,
      0,
      0,
      0,
      0,
      0,
      0,
      0,
      0,
      0,
      0,
      0,
      0,
      0,
      0,
      0,
      0,
      0,
      0,
      0,
      0,
      0,
      0,
      0,
      0,
      0,
      0,
      0,
      0,
      0,
      0,
      0,
      0,
      0,
      0,
      0,
      0,
      0,
      0,
      0,
      0,
      0,
      0,
      0,
      0,
      0,
      0,
      0,
      0,
      0,
      0,
      0,
      0,
      0,
      0
    ],
    "N": 161,
    "type": "lowpass",
    "sparsity_nonzero_b": 14,
    "sparsity_zero_b": 67
  },
  "solved_param": {
    "bands": [
      0.0,
      0.14726215563702155,
      0.2454369260617026,
      3.141592653589793
    ],
    "desired": [
      1,
      0
    ],
    "fs": 6.283185307179586,
    "omega_1": 0.14726215563702155,
    "omega_2": 0.2454369260617026,
    "K_freq": 256,
    "delta_s": 0.001,
    "Delta_q": 0.00390625,
    "K_q": 127,
    "lambda": 0.01,
    "admm_delta": 1.0,
    "T_OUTER": 7,
    "K_INNER_max": 150,
    "EPS_OUT": 1e-6,
    "EPS_IN": 1e-6,
    "W_STOP": 1.0
  },
  "solved_info": {
    "method": "WLS_L1L2_DCA_ADMM",
    "solve_time": 0.04701719999866327,
    "outer_iters": 7,
    "inner_iters_total": 123,
    "SI": [
      14,
      15,
      16,
      17,
      18,
      19,
      20,
      21,
      22,
      23,
      24,
      25,
      26,
      27,
      28,
      29,
      30,
      31,
      32,
      33,
      34,
      35,
      36,
      37,
      38,
      39,
      40,
      41,
      42,
      43,
      44,
      45,
      46,
      47,
      48,
      49,
      50,
      51,
      52,
      53,
      54,
      55,
      56,
      57,
      58,
      59,
      60,
      61,
      62,
      63,
      64,
      65,
      66,
      67,
      68,
      69,
      70,
      71,
      72,
      73,
      74,
      75,
      76,
      77,
      78,
      79,
      80
    ],
    "final_wls_residual": 0.0015442035615363034
  },