{
  "saved_time": "20260307-161047",
  "run_dir": "D:\\Materials\\Master\\Dissertation\\Final\\Code\\MIGO\\FilterDesign-MIGO\\ber_coeff_workspace\\result\\method-wls-n-161-q-bit-8-wp-pi-0-047-width-pi-0-031",
  "cfg": {
    "N": 161,
    "mode": "lowpass",
    "wp_pi": 0.046875,
    "width_pi": 0.03125,
    "omega_1": 0.14726215563702155,
    "omega_2": 0.2454369260617026,
    "K": 256,
    "debug": true,
    "Q_bit": 8,
    "Delta": 0.00390625,
    "K_q": 127,
    "method": "WLS",
    "keys": "method N Q_bit wp_pi width_pi",
    "weight_pass": 1.0,
    "weight_stop": 100.0,
    "n_grid": 8192,
    "p": 16.0,
    "max_iters": 30,
    "tol": 0.0001,
    "eps_w": 1e-6,
    "w_clip": 1000000.0,
    "ridge": 1e-12,
    "lb_drop": 10,
    "rounding_var": 650
  },
  "solved_var": {
    "hq": [
      0.0,
      0.0,
      0.0,
      0.0,
      0.0,
      0.0,
      0.0,
      0.0,
      0.0,
      0.0,
      0.0,
      0.0,
      0.0,
      0.0,
      0.0,
      0.0,
      0.0,
      0.0,
      0.0,
      0.0,
      0.0,
      0.0,
      -0.00390625,
      -0.00390625,
      -0.00390625,
      -0.00390625,
      -0.00390625,
      -0.00390625,
      0.0,
      0.0,
      0.0,
      0.0,
      0.0,
      0.0,
      0.0,
      0.00390625,
      0.00390625,
      0.00390625,
      0.00390625,
      0.00390625,
      0.00390625,
      0.00390625,
      0.00390625,
      0.00390625,
      0.00390625,
      0.00390625,
      0.00390625,
      0.0,
      0.0,
      0.0,
      -0.00390625,
      -0.00390625,
      -0.0078125,
      -0.0078125,
      -0.0078125,
      -0.01171875,
      -0.01171875,
      -0.01171875,
      -0.01171875,
      -0.01171875,
      -0.01171875,
      -0.0078125,
      -0.00390625,
      -0.00390625,
      0.0,
      0.00390625,
      0.0078125,
      0.01171875,
      0.01953125,
      0.0234375,
      0.02734375,
      0.03515625,
      0.0390625,
      0.04296875,
      0.046875,
      0.05078125,
      0.0546875,
      0.05859375,
      0.05859375,
      0.0625,
      0.0625,
      0.0625,
      0.05859375,
      0.05859375,
      0.0546875,
      0.05078125,
      0.046875,
      0.04296875,
      0.0390625,
      0.03515625,
      0.02734375,
      0.0234375,
      0.01953125,
      0.01171875,
      0.0078125,
      0.00390625,
      0.0,
      -0.00390625,
      -0.00390625,
      -0.0078125,
      -0.01171875,
      -0.01171875,
      -0.01171875,
      -0.01171875,
      -0.01171875,
      -0.01171875,
      -0.0078125,
      -0.0078125,
      -0.0078125,
      -0.00390625,
      -0.00390625,
      0.0,
      0.0,
      0.0,
      0.00390625,
      0.00390625,
      0.00390625,
      0.00390625,
      0.00390625,
      0.00390625,
      0.00390625,
      0.00390625,
      0.00390625,
      0.00390625,
      0.00390625,
      0.00390625,
      0.0,
      0.0,
      0.0,
      0.0,
      0.0,
      0.0,
      0.0,
      -0.00390625,
      -0.00390625,
      -0.00390625,
      -0.00390625,
      -0.00390625,
      -0.00390625,
      0.0,
      0.0,
      0.0,
      0.0,
      0.0,
      0.0,
      0.0,
      0.0,
      0.0,
      0.0,
      0.0,
      0.0,
      0.0,
      0.0,
      0.0,
      0.0,
      0.0,
      0.0,
      0.0,
      0.0,
      0.0,
      0.0
    ],
    "h_int": [
      0,
      0,
      0,
      0,
      0,
      0,
      0,
      0,
      0,
      0,
      0,
      0,
      0,
      0,
      0,
      0,
      0,
      0,
      0,
      0,
      0,
      0,
      -1,
      -1,
      -1,
      -1,
      -1,
      -1,
      0,
      0,
      0,
      0,
      0,
      0,
      0,
      1,
      1,
      1,
      1,
      1,
      1,
      1,
      1,
      1,
      1,
      1,
      1,
      0,
      0,
      0,
      -1,
      -1,
      -2,
      -2,
      -2,
      -3,
      -3,
      -3,
      -3,
      -3,
      -3,
      -2,
      -1,
      -1,
      0,
      1,
      2,
      3,
      5,
      6,
      7,
      9,
      10,
      11,
      12,
      13,
      14,
      15,
      15,
      16,
      16,
      16,
      15,
      15,
      14,
      13,
      12,
      11,
      10,
      9,
      7,
      6,
      5,
      3,
      2,
      1,
      0,
      -1,
      -1,
      -2,
      -3,
      -3,
      -3,
      -3,
      -3,
      -3,
      -2,
      -2,
      -2,
      -1,
      -1,
      0,
      0,
      0,
      1,
      1,
      1,
      1,
      1,
      1,
      1,
      1,
      1,
      1,
      1,
      1,
      0,
      0,
      0,
      0,
      0,
      0,
      0,
      -1,
      -1,
      -1,
      -1,
      -1,
      -1,
      0,
      0,
      0,
      0,
      0,
      0,
      0,
      0,
      0,
      0,
      0,
      0,
      0,
      0,
      0,
      0,
      0,
      0,
      0,
      0,
      0,
      0
    ],
    "h_length": 161,